name,email,year,month,day
Shane Sims,qhardy@jones.org,2000,9,28
Micheal Ferguson,swalker@gmail.com,1971,7,4
Rebecca Glenn,richardsbarbara@yahoo.com,1986,4,3
Christopher Turner,alejandro04@yahoo.com,1985,5,27
Chad Hill,thomas04@cole-anderson.com,1975,7,12
Joel Dean,michaelallison@hotmail.com,1998,10,19
Nicholas Brennan,lisa74@gmail.com,2000,2,11
Vanessa Martinez,gregory22@sloan.com,1960,9,16
Virginia Lester,andrew93@woods.com,2002,10,21
Joy Erickson,higginsjohn@gmail.com,1956,10,2
Kevin Adkins,erica14@jones-campbell.com,2010,10,9
Monique Long,rogersdavid@gmail.com,2004,12,28
Elizabeth Wolf,harperbrian@yahoo.com,1982,3,5
Natalie Perry,bjenkins@hotmail.com,1956,6,7
Shelby Fisher,douglasmatthew@hotmail.com,1981,10,10
Laura Goodwin,qbrown@yahoo.com,1957,1,7
Dennis Anderson,kimberlychavez@hotmail.com,1973,11,15
Suzanne Watkins,salinasmarissa@hotmail.com,1981,11,22
Jacqueline Juarez,munozanthony@yahoo.com,1972,7,18
Rachel Chapman,kathleen71@castro-butler.com,2004,2,13
Tammy Vasquez,mariemoore@yahoo.com,1986,6,5
Ashley Moore,heatherknapp@hotmail.com,1993,1,13
Ashley Bennett,danielle78@gomez.com,1967,2,9
Brittany Ramos,smithrichard@hotmail.com,1973,8,10
Mark Howard,gmoses@gmail.com,1961,2,9
